PolicyID,Name,Phone number,E-mail id
616801,Jo Patterson,9482520006,Jo Patterson2884@domain.com
845329,Eric Tran,5733820564,Eric Tran4371@domain.com
162462,Andrea Robinson,4413127150,Andrea Robinson7037@domain.com
315568,Ms. Lori Thomas,2654957800,Ms. Lori Thomas2213@domain.com
837008,Ariana Brown,4123405518,Ariana Brown3658@domain.com
952533,Samuel Walker DVM,9789800922,Samuel Walker DVM3377@domain.com
826981,Daniel Perez,2681108803,Daniel Perez3665@domain.com
992927,Daniel Williams,4607011713,Daniel Williams9360@domain.com
135704,Heidi Cox,9458721498,Heidi Cox2034@domain.com
160022,Kelsey Lewis,7816778695,Kelsey Lewis8005@domain.com
196710,Mitchell Stevens,5230768651,Mitchell Stevens6049@domain.com
719688,Anna Drake MD,7968245885,Anna Drake MD7237@domain.com
602264,Luis Morris,1139924253,Luis Morris4549@domain.com
513789,Stacy Brown,3598858651,Stacy Brown6183@domain.com
252861,Amy Petty,3433819292,Amy Petty0371@domain.com
774971,Charles Holmes,9181603842,Charles Holmes3219@domain.com
284730,Scott Phillips,7153920522,Scott Phillips2900@domain.com
830549,Ronnie Bryant,7144967140,Ronnie Bryant0968@domain.com
717250,Joshua Jones,9819934776,Joshua Jones3453@domain.com
928628,Juan Pierce,2574706737,Juan Pierce3755@domain.com
821976,Kelly Myers,9386258383,Kelly Myers7887@domain.com
315568,Ms. Lori Thomas,1257671957,Ms. Lori Thomas2667@domain.com
634784,Charlotte Garcia,1793434967,Charlotte Garcia7271@domain.com
130063,Susan Munoz,9332174851,Susan Munoz3470@domain.com
955861,James Armstrong,5639178255,James Armstrong1683@domain.com
909716,Diane Young,9643407962,Diane Young1924@domain.com
166647,Michael Castaneda,3997257008,Michael Castaneda7602@domain.com
130063,Susan Munoz,9800671998,Susan Munoz4706@domain.com
656331,Melanie Freeman,8310427808,Melanie Freeman5863@domain.com
228396,Paul Morgan,9292166381,Paul Morgan7778@domain.com
524854,Mary Maldonado,5655334564,Mary Maldonado4857@domain.com
481339,Lori Petty,7552211252,Lori Petty6254@domain.com
359959,David Snyder,3762870394,David Snyder9784@domain.com
187544,Brooke Parker,4413429966,Brooke Parker2768@domain.com
883957,David Hayes,3866603642,David Hayes6120@domain.com
925213,Tina Armstrong,5683855952,Tina Armstrong0490@domain.com
518578,Nancy Barnett,4312015484,Nancy Barnett1314@domain.com
769571,Kyle Peterson,2676755055,Kyle Peterson7379@domain.com
774971,Charles Holmes,5156196044,Charles Holmes6889@domain.com
254965,Sarah Campbell,6113272671,Sarah Campbell9060@domain.com
503166,Corey Baker,2889455654,Corey Baker1648@domain.com
602264,Luis Morris,7595276957,Luis Morris1788@domain.com
983724,Janet Peters,2507974794,Janet Peters8390@domain.com
501091,James Dorsey,7239256149,James Dorsey2202@domain.com
576176,Roger Clark,7840394860,Roger Clark6254@domain.com
914987,Shaun Bentley,2554135393,Shaun Bentley4040@domain.com
147063,Ashley Mitchell,8541530728,Ashley Mitchell7425@domain.com
826981,Daniel Perez,9182629426,Daniel Perez7647@domain.com
909716,Diane Young,2285303217,Diane Young7436@domain.com
702953,Amy Rojas,2852469839,Amy Rojas0241@domain.com
576176,Roger Clark,2463763250,Roger Clark1726@domain.com
983724,Janet Peters,2892075987,Janet Peters7665@domain.com
907197,Alan Baker,7777958738,Alan Baker0671@domain.com
478908,Denise Johnson,1424368125,Denise Johnson6156@domain.com
983724,Janet Peters,1987296703,Janet Peters6208@domain.com
298033,Rhonda Sawyer,6788763605,Rhonda Sawyer4445@domain.com
162462,Andrea Robinson,5100792438,Andrea Robinson9984@domain.com
533631,Steven Riley,3267844072,Steven Riley6466@domain.com
883957,David Hayes,8402040910,David Hayes9358@domain.com
413364,Shane Guzman,4179875861,Shane Guzman3509@domain.com
769571,Kyle Peterson,1862022735,Kyle Peterson2811@domain.com
270970,Johnny Stafford,6074871576,Johnny Stafford6846@domain.com
602264,Luis Morris,8672406422,Luis Morris4081@domain.com
955861,James Armstrong,2003607221,James Armstrong9620@domain.com
385560,Joann Stone,8698832861,Joann Stone0598@domain.com
109080,Edward Buckley,6344121191,Edward Buckley9316@domain.com
267786,Maria Mason,5900428078,Maria Mason8795@domain.com
252861,Amy Petty,6549309054,Amy Petty9446@domain.com
992927,Daniel Williams,5916147602,Daniel Williams8304@domain.com
228396,Paul Morgan,6937645190,Paul Morgan6520@domain.com
613714,Margaret Brown,9364268430,Margaret Brown4933@domain.com
580347,Kristina Wade MD,5145055964,Kristina Wade MD4972@domain.com
533631,Steven Riley,6827307213,Steven Riley7794@domain.com
992927,Daniel Williams,3991683491,Daniel Williams0075@domain.com
837008,Ariana Brown,4023780838,Ariana Brown9186@domain.com
998161,Rebecca Hughes,8445917755,Rebecca Hughes0161@domain.com
284730,Scott Phillips,8887277508,Scott Phillips2190@domain.com
343955,April Jackson,7896685132,April Jackson9292@domain.com
821976,Kelly Myers,4355187119,Kelly Myers7733@domain.com
656331,Melanie Freeman,2070077341,Melanie Freeman4521@domain.com
160022,Kelsey Lewis,7761491082,Kelsey Lewis2731@domain.com
830439,James Harris,9326014762,James Harris2590@domain.com
503166,Corey Baker,5253519678,Corey Baker8780@domain.com
909716,Diane Young,1586850830,Diane Young2120@domain.com
298033,Rhonda Sawyer,2363970894,Rhonda Sawyer5167@domain.com
162462,Andrea Robinson,3330276107,Andrea Robinson4640@domain.com
826981,Daniel Perez,4808350172,Daniel Perez1823@domain.com
866132,Gabriela Dennis,7296050518,Gabriela Dennis9198@domain.com
270970,Johnny Stafford,4796827500,Johnny Stafford4466@domain.com
955861,James Armstrong,8547735744,James Armstrong2865@domain.com
955861,James Armstrong,8396583869,James Armstrong9625@domain.com
998161,Rebecca Hughes,1148256331,Rebecca Hughes2873@domain.com
866132,Gabriela Dennis,6063051963,Gabriela Dennis6759@domain.com
166377,Jamie Jones,9268837169,Jamie Jones4086@domain.com
928628,Juan Pierce,2799385917,Juan Pierce4190@domain.com
616801,Jo Patterson,1340956312,Jo Patterson4676@domain.com
254965,Sarah Campbell,3927041180,Sarah Campbell3171@domain.com
398935,Roy Ingram,2830084771,Roy Ingram9297@domain.com
162462,Andrea Robinson,3878359161,Andrea Robinson4834@domain.com
719688,Anna Drake MD,4228814461,Anna Drake MD2250@domain.com
6138-90-74-04,Rajaraman Srinivasan ,4228814462,RS MD2250@domain.com
